{"cameraMode":{"drawMode":0,"name":"Shaded","section":"Shading Mode"},"sceneLighting":true,"audioPlay":false,"sceneViewState":{"m_AlwaysRefresh":false,"showFog":true,"showSkybox":true,"showFlares":true,"showImageEffects":true,"showParticleSystems":true,"showVisualEffectGraphs":true,"m_FxEnabled":true},"in2DMode":false,"pivot":{"x":-0.5157037377357483,"y":2.7687244415283205,"z":5.48314094543457},"rotation":{"x":-0.08210223913192749,"y":-0.023331452161073686,"z":0.0019805007614195348,"w":-0.9964570999145508},"size":5.4949564933776859,"orthographic":false}